fold,role,identity_id
0,train,0086
0,train,0087
0,train,0089
0,train,0094
0,train,0097
0,train,0100
0,train,0103
0,train,0104
0,train,0126
0,train,0146
0,train,0149
0,train,0151
0,train,0155
0,train,0172
0,train,0190
0,train,0192
0,train,0199
0,train,0210
0,train,0234
0,train,0237
0,train,0243
0,train,0266
0,train,0280
0,train,0287
0,train,0288
0,train,0289
0,train,0292
0,train,0296
0,train,0312
0,train,0353
0,train,0367
0,train,0384
0,train,0395
0,train,0410
0,train,0419
0,train,0423
0,train,0434
0,train,0438
0,train,0440
0,train,0441
0,train,0443
0,train,0444
0,train,0464
0,train,0469
0,train,0479
0,train,0487
0,train,0491
0,train,0495
0,train,0497
0,train,0498
0,train,0500
0,train,0506
0,train,0513
0,train,0517
0,train,0528
0,train,0534
0,train,0539
0,train,0550
0,train,0555
0,train,0561
0,train,0568
0,train,0580
0,train,0589
0,train,0592
0,train,0596
0,train,0601
0,train,0605
0,train,0619
0,train,0628
0,train,0629
0,train,0642
0,train,0643
0,train,0644
0,train,0647
0,train,0650
0,train,0653
0,train,0660
0,train,0665
0,train,0678
0,train,0684
0,train,0701
0,train,0706
0,train,0728
0,train,0730
0,train,0737
0,train,0752
0,train,0754
0,train,0769
0,train,0772
0,train,0779
0,train,0783
0,train,0813
0,train,0824
0,train,0838
0,train,0892
0,train,0922
0,train,0940
0,train,1021
0,train,1120
0,train,1146
0,train,1154
0,train,1165
0,train,1176
0,train,1224
0,train,1232
0,train,1239
0,train,1261
0,train,2411
0,train,3997
0,train,4191
0,train,5431
0,train,6034
0,train,6258
0,train,6279
0,train,6311
0,train,6518
0,train,6582
0,train,6732
0,train,6746
0,train,6769
0,train,6806
0,train,6807
0,train,6830
0,train,6847
0,train,6848
0,train,6851
0,train,6878
0,train,6940
0,train,6964
0,train,6985
0,train,7004
0,train,7021
0,train,7071
0,train,7078
0,train,7126
0,train,7161
0,train,7180
0,train,7219
0,train,7232
0,train,7239
0,train,7248
0,train,7348
0,train,7369
0,train,7387
0,train,7462
0,train,7475
0,train,7496
0,train,7516
0,train,7588
0,train,7590
0,train,7592
0,train,7601
0,train,7622
0,train,7630
0,train,7663
0,train,7666
0,train,7680
0,train,7699
0,train,7706
0,train,7721
0,train,7738
0,train,7742
0,train,7744
0,train,7748
0,train,7769
0,train,7789
0,train,7805
0,train,7809
0,train,7833
0,train,7883
0,train,7890
0,train,7906
0,train,7943
0,train,7946
0,train,7948
0,train,7967
0,train,7975
0,train,7985
0,train,8010
0,train,8012
0,train,8043
0,train,8061
0,train,8113
0,train,8127
0,train,8139
0,train,8150
0,train,8165
0,train,8167
0,train,8170
0,train,8171
0,train,8172
0,train,8177
0,train,8191
0,train,8217
0,train,8231
0,train,8234
0,train,8254
0,train,9761
0,train,9780
0,train,9853
0,train,9884
0,train,9886
0,train,9891
0,train,9892
0,train,9904
0,train,9910
0,train,9912
0,validation,0099
0,validation,0105
0,validation,0152
0,validation,0203
0,validation,0219
0,validation,0220
0,validation,0223
0,validation,0256
0,validation,0341
0,validation,0362
0,validation,0431
0,validation,0467
0,validation,0470
0,validation,0492
0,validation,0501
0,validation,0502
0,validation,0546
0,validation,0556
0,validation,0611
0,validation,0641
0,validation,0679
0,validation,0686
0,validation,0820
0,validation,0821
0,validation,0863
0,validation,0983
0,validation,1038
0,validation,1139
0,validation,7017
0,validation,7107
0,validation,7112
0,validation,7505
0,validation,7521
0,validation,7595
0,validation,7637
0,validation,7679
0,validation,7686
0,validation,7780
0,validation,7853
0,validation,7884
0,validation,7936
0,validation,7952
0,validation,8041
0,validation,8052
0,validation,8054
0,validation,8086
0,validation,8237
0,validation,8259
0,validation,9770
0,validation,9777
0,validation,9789
0,validation,9903
0,test,0090
0,test,0091
0,test,0135
0,test,0185
0,test,0229
0,test,0267
0,test,0284
0,test,0297
0,test,0316
0,test,0364
0,test,0376
0,test,0408
0,test,0457
0,test,0473
0,test,0488
0,test,0493
0,test,0543
0,test,0553
0,test,0571
0,test,0583
0,test,0584
0,test,0616
0,test,0648
0,test,0663
0,test,0671
0,test,0673
0,test,0692
0,test,0830
0,test,0975
0,test,1064
0,test,1127
0,test,1267
0,test,1269
0,test,2048
0,test,6740
0,test,6763
0,test,7135
0,test,7228
0,test,7359
0,test,7476
0,test,7485
0,test,7549
0,test,7602
0,test,7683
0,test,7704
0,test,7715
0,test,7753
0,test,7815
0,test,7824
0,test,7830
0,test,7831
0,test,7845
0,test,7926
0,test,7959
0,test,7962
0,test,7974
0,test,8121
0,test,8174
0,test,8194
0,test,8232
0,test,8248
0,test,8268
0,test,9772
0,test,9871
0,test,9873
1,train,0086
1,train,0090
1,train,0097
1,train,0099
1,train,0104
1,train,0126
1,train,0135
1,train,0146
1,train,0149
1,train,0172
1,train,0185
1,train,0192
1,train,0203
1,train,0220
1,train,0223
1,train,0234
1,train,0237
1,train,0243
1,train,0256
1,train,0266
1,train,0267
1,train,0280
1,train,0284
1,train,0292
1,train,0296
1,train,0297
1,train,0316
1,train,0353
1,train,0367
1,train,0376
1,train,0384
1,train,0395
1,train,0408
1,train,0410
1,train,0423
1,train,0431
1,train,0440
1,train,0443
1,train,0444
1,train,0457
1,train,0467
1,train,0473
1,train,0479
1,train,0487
1,train,0491
1,train,0492
1,train,0493
1,train,0498
1,train,0500
1,train,0501
1,train,0506
1,train,0517
1,train,0528
1,train,0539
1,train,0543
1,train,0546
1,train,0550
1,train,0553
1,train,0556
1,train,0571
1,train,0580
1,train,0589
1,train,0601
1,train,0605
1,train,0611
1,train,0616
1,train,0619
1,train,0628
1,train,0642
1,train,0643
1,train,0647
1,train,0648
1,train,0650
1,train,0660
1,train,0665
1,train,0673
1,train,0678
1,train,0679
1,train,0684
1,train,0692
1,train,0701
1,train,0728
1,train,0730
1,train,0737
1,train,0752
1,train,0772
1,train,0779
1,train,0820
1,train,0821
1,train,0824
1,train,0830
1,train,0838
1,train,0863
1,train,0892
1,train,0983
1,train,1021
1,train,1038
1,train,1139
1,train,1146
1,train,1154
1,train,1165
1,train,1224
1,train,1267
1,train,1269
1,train,2048
1,train,3997
1,train,4191
1,train,5431
1,train,6311
1,train,6518
1,train,6732
1,train,6740
1,train,6746
1,train,6763
1,train,6806
1,train,6807
1,train,6830
1,train,6847
1,train,6851
1,train,6878
1,train,6940
1,train,6964
1,train,7017
1,train,7021
1,train,7071
1,train,7078
1,train,7107
1,train,7126
1,train,7135
1,train,7161
1,train,7219
1,train,7232
1,train,7239
1,train,7248
1,train,7348
1,train,7359
1,train,7369
1,train,7387
1,train,7462
1,train,7485
1,train,7496
1,train,7505
1,train,7516
1,train,7549
1,train,7590
1,train,7592
1,train,7601
1,train,7637
1,train,7666
1,train,7679
1,train,7680
1,train,7683
1,train,7699
1,train,7706
1,train,7721
1,train,7742
1,train,7744
1,train,7748
1,train,7805
1,train,7815
1,train,7824
1,train,7830
1,train,7831
1,train,7845
1,train,7883
1,train,7884
1,train,7890
1,train,7926
1,train,7946
1,train,7948
1,train,7952
1,train,7959
1,train,7962
1,train,7967
1,train,7974
1,train,7975
1,train,7985
1,train,8010
1,train,8041
1,train,8043
1,train,8054
1,train,8086
1,train,8121
1,train,8165
1,train,8167
1,train,8177
1,train,8217
1,train,8231
1,train,8232
1,train,8234
1,train,8237
1,train,8248
1,train,8254
1,train,8268
1,train,9761
1,train,9770
1,train,9772
1,train,9777
1,train,9780
1,train,9853
1,train,9871
1,train,9873
1,train,9892
1,train,9903
1,train,9904
1,train,9910
1,train,9912
1,validation,0091
1,validation,0094
1,validation,0155
1,validation,0199
1,validation,0229
1,validation,0287
1,validation,0289
1,validation,0312
1,validation,0364
1,validation,0419
1,validation,0464
1,validation,0488
1,validation,0502
1,validation,0555
1,validation,0583
1,validation,0584
1,validation,0592
1,validation,0641
1,validation,0644
1,validation,0663
1,validation,0671
1,validation,0686
1,validation,0813
1,validation,0975
1,validation,1064
1,validation,1127
1,validation,1232
1,validation,1239
1,validation,2411
1,validation,6985
1,validation,7228
1,validation,7475
1,validation,7476
1,validation,7521
1,validation,7602
1,validation,7630
1,validation,7663
1,validation,7704
1,validation,7715
1,validation,7738
1,validation,7753
1,validation,7833
1,validation,7906
1,validation,8012
1,validation,8052
1,validation,8113
1,validation,8127
1,validation,8172
1,validation,8174
1,validation,8194
1,validation,8259
1,validation,9886
1,test,0087
1,test,0089
1,test,0100
1,test,0103
1,test,0105
1,test,0151
1,test,0152
1,test,0190
1,test,0210
1,test,0219
1,test,0288
1,test,0341
1,test,0362
1,test,0434
1,test,0438
1,test,0441
1,test,0469
1,test,0470
1,test,0495
1,test,0497
1,test,0513
1,test,0534
1,test,0561
1,test,0568
1,test,0596
1,test,0629
1,test,0653
1,test,0706
1,test,0754
1,test,0769
1,test,0783
1,test,0922
1,test,0940
1,test,1120
1,test,1176
1,test,1261
1,test,6034
1,test,6258
1,test,6279
1,test,6582
1,test,6769
1,test,6848
1,test,7004
1,test,7112
1,test,7180
1,test,7588
1,test,7595
1,test,7622
1,test,7686
1,test,7769
1,test,7780
1,test,7789
1,test,7809
1,test,7853
1,test,7936
1,test,7943
1,test,8061
1,test,8139
1,test,8150
1,test,8170
1,test,8171
1,test,8191
1,test,9789
1,test,9884
1,test,9891
2,train,0090
2,train,0091
2,train,0100
2,train,0103
2,train,0104
2,train,0105
2,train,0126
2,train,0135
2,train,0151
2,train,0152
2,train,0155
2,train,0172
2,train,0185
2,train,0190
2,train,0192
2,train,0210
2,train,0223
2,train,0229
2,train,0234
2,train,0237
2,train,0267
2,train,0284
2,train,0287
2,train,0288
2,train,0289
2,train,0292
2,train,0296
2,train,0297
2,train,0312
2,train,0316
2,train,0341
2,train,0364
2,train,0367
2,train,0376
2,train,0384
2,train,0408
2,train,0410
2,train,0431
2,train,0434
2,train,0438
2,train,0441
2,train,0444
2,train,0457
2,train,0469
2,train,0470
2,train,0479
2,train,0487
2,train,0488
2,train,0493
2,train,0495
2,train,0497
2,train,0501
2,train,0502
2,train,0513
2,train,0517
2,train,0534
2,train,0543
2,train,0553
2,train,0555
2,train,0556
2,train,0568
2,train,0583
2,train,0584
2,train,0589
2,train,0596
2,train,0605
2,train,0619
2,train,0628
2,train,0641
2,train,0642
2,train,0644
2,train,0647
2,train,0648
2,train,0650
2,train,0671
2,train,0673
2,train,0678
2,train,0686
2,train,0692
2,train,0706
2,train,0752
2,train,0754
2,train,0769
2,train,0783
2,train,0820
2,train,0824
2,train,0830
2,train,0838
2,train,0892
2,train,0922
2,train,0975
2,train,0983
2,train,1038
2,train,1120
2,train,1139
2,train,1146
2,train,1176
2,train,1224
2,train,1232
2,train,1239
2,train,1261
2,train,1267
2,train,2048
2,train,2411
2,train,3997
2,train,6258
2,train,6279
2,train,6582
2,train,6740
2,train,6746
2,train,6763
2,train,6847
2,train,6848
2,train,6985
2,train,7004
2,train,7071
2,train,7078
2,train,7112
2,train,7126
2,train,7135
2,train,7161
2,train,7232
2,train,7239
2,train,7248
2,train,7359
2,train,7475
2,train,7476
2,train,7485
2,train,7496
2,train,7505
2,train,7549
2,train,7588
2,train,7590
2,train,7592
2,train,7595
2,train,7602
2,train,7630
2,train,7663
2,train,7666
2,train,7679
2,train,7680
2,train,7704
2,train,7706
2,train,7715
2,train,7738
2,train,7742
2,train,7744
2,train,7748
2,train,7753
2,train,7769
2,train,7789
2,train,7805
2,train,7809
2,train,7815
2,train,7824
2,train,7830
2,train,7831
2,train,7845
2,train,7883
2,train,7890
2,train,7906
2,train,7926
2,train,7936
2,train,7943
2,train,7946
2,train,7948
2,train,7959
2,train,7962
2,train,7967
2,train,7974
2,train,8010
2,train,8041
2,train,8043
2,train,8052
2,train,8054
2,train,8061
2,train,8086
2,train,8113
2,train,8121
2,train,8139
2,train,8150
2,train,8170
2,train,8171
2,train,8172
2,train,8174
2,train,8191
2,train,8194
2,train,8217
2,train,8231
2,train,8232
2,train,8237
2,train,8248
2,train,8254
2,train,8259
2,train,8268
2,train,9770
2,train,9777
2,train,9780
2,train,9789
2,train,9853
2,train,9871
2,train,9873
2,train,9884
2,train,9886
2,train,9891
2,train,9892
2,train,9912
2,validation,0087
2,validation,0089
2,validation,0097
2,validation,0219
2,validation,0353
2,validation,0362
2,validation,0423
2,validation,0467
2,validation,0473
2,validation,0491
2,validation,0546
2,validation,0561
2,validation,0571
2,validation,0580
2,validation,0592
2,validation,0611
2,validation,0616
2,validation,0629
2,validation,0643
2,validation,0653
2,validation,0663
2,validation,0728
2,validation,0772
2,validation,0863
2,validation,0940
2,validation,1064
2,validation,1127
2,validation,1165
2,validation,1269
2,validation,6034
2,validation,6518
2,validation,6769
2,validation,7180
2,validation,7219
2,validation,7228
2,validation,7348
2,validation,7462
2,validation,7516
2,validation,7521
2,validation,7622
2,validation,7637
2,validation,7683
2,validation,7686
2,validation,7780
2,validation,7853
2,validation,7952
2,validation,8012
2,validation,8165
2,validation,9761
2,validation,9772
2,validation,9904
2,validation,9910
2,test,0086
2,test,0094
2,test,0099
2,test,0146
2,test,0149
2,test,0199
2,test,0203
2,test,0220
2,test,0243
2,test,0256
2,test,0266
2,test,0280
2,test,0395
2,test,0419
2,test,0440
2,test,0443
2,test,0464
2,test,0492
2,test,0498
2,test,0500
2,test,0506
2,test,0528
2,test,0539
2,test,0550
2,test,0601
2,test,0660
2,test,0665
2,test,0679
2,test,0684
2,test,0701
2,test,0730
2,test,0737
2,test,0779
2,test,0813
2,test,0821
2,test,1021
2,test,1154
2,test,4191
2,test,5431
2,test,6311
2,test,6732
2,test,6806
2,test,6807
2,test,6830
2,test,6851
2,test,6878
2,test,6940
2,test,6964
2,test,7017
2,test,7021
2,test,7107
2,test,7369
2,test,7387
2,test,7601
2,test,7699
2,test,7721
2,test,7833
2,test,7884
2,test,7975
2,test,7985
2,test,8127
2,test,8167
2,test,8177
2,test,8234
2,test,9903
3,train,0086
3,train,0089
3,train,0090
3,train,0094
3,train,0099
3,train,0100
3,train,0103
3,train,0126
3,train,0135
3,train,0146
3,train,0149
3,train,0151
3,train,0152
3,train,0185
3,train,0210
3,train,0219
3,train,0220
3,train,0229
3,train,0234
3,train,0256
3,train,0266
3,train,0267
3,train,0280
3,train,0284
3,train,0288
3,train,0289
3,train,0292
3,train,0296
3,train,0297
3,train,0312
3,train,0316
3,train,0341
3,train,0362
3,train,0364
3,train,0376
3,train,0384
3,train,0395
3,train,0419
3,train,0438
3,train,0440
3,train,0457
3,train,0464
3,train,0470
3,train,0479
3,train,0487
3,train,0488
3,train,0491
3,train,0493
3,train,0495
3,train,0497
3,train,0498
3,train,0500
3,train,0501
3,train,0506
3,train,0528
3,train,0539
3,train,0543
3,train,0546
3,train,0550
3,train,0553
3,train,0556
3,train,0561
3,train,0568
3,train,0571
3,train,0580
3,train,0583
3,train,0584
3,train,0596
3,train,0611
3,train,0629
3,train,0643
3,train,0648
3,train,0653
3,train,0660
3,train,0665
3,train,0671
3,train,0673
3,train,0678
3,train,0679
3,train,0692
3,train,0701
3,train,0706
3,train,0730
3,train,0737
3,train,0754
3,train,0769
3,train,0779
3,train,0783
3,train,0820
3,train,0821
3,train,0824
3,train,0838
3,train,0892
3,train,0922
3,train,0975
3,train,1021
3,train,1038
3,train,1064
3,train,1120
3,train,1139
3,train,1154
3,train,1165
3,train,1176
3,train,1224
3,train,1261
3,train,1267
3,train,1269
3,train,2048
3,train,3997
3,train,6034
3,train,6258
3,train,6279
3,train,6311
3,train,6732
3,train,6740
3,train,6746
3,train,6763
3,train,6807
3,train,6847
3,train,6848
3,train,6851
3,train,6878
3,train,6964
3,train,7004
3,train,7017
3,train,7021
3,train,7107
3,train,7112
3,train,7126
3,train,7135
3,train,7180
3,train,7248
3,train,7359
3,train,7369
3,train,7387
3,train,7462
3,train,7476
3,train,7485
3,train,7521
3,train,7549
3,train,7595
3,train,7601
3,train,7602
3,train,7630
3,train,7637
3,train,7663
3,train,7666
3,train,7679
3,train,7683
3,train,7686
3,train,7704
3,train,7715
3,train,7721
3,train,7742
3,train,7744
3,train,7748
3,train,7753
3,train,7769
3,train,7780
3,train,7789
3,train,7805
3,train,7809
3,train,7830
3,train,7831
3,train,7833
3,train,7845
3,train,7853
3,train,7883
3,train,7884
3,train,7936
3,train,7943
3,train,7948
3,train,7952
3,train,7959
3,train,7974
3,train,7975
3,train,7985
3,train,8010
3,train,8041
3,train,8052
3,train,8054
3,train,8061
3,train,8086
3,train,8121
3,train,8127
3,train,8150
3,train,8167
3,train,8171
3,train,8177
3,train,8191
3,train,8194
3,train,8232
3,train,8237
3,train,8248
3,train,8268
3,train,9761
3,train,9772
3,train,9789
3,train,9853
3,train,9871
3,train,9873
3,train,9884
3,train,9891
3,train,9903
3,train,9904
3,train,9910
3,train,9912
3,validation,0087
3,validation,0091
3,validation,0105
3,validation,0190
3,validation,0199
3,validation,0203
3,validation,0243
3,validation,0408
3,validation,0423
3,validation,0434
3,validation,0441
3,validation,0443
3,validation,0469
3,validation,0473
3,validation,0492
3,validation,0513
3,validation,0534
3,validation,0601
3,validation,0616
3,validation,0642
3,validation,0663
3,validation,0684
3,validation,0813
3,validation,0830
3,validation,0940
3,validation,1127
3,validation,1146
3,validation,1232
3,validation,4191
3,validation,5431
3,validation,6582
3,validation,6769
3,validation,6806
3,validation,6830
3,validation,6940
3,validation,6985
3,validation,7078
3,validation,7228
3,validation,7475
3,validation,7588
3,validation,7622
3,validation,7699
3,validation,7815
3,validation,7824
3,validation,7926
3,validation,7962
3,validation,8139
3,validation,8170
3,validation,8174
3,validation,8234
3,validation,8254
3,validation,9780
3,test,0097
3,test,0104
3,test,0155
3,test,0172
3,test,0192
3,test,0223
3,test,0237
3,test,0287
3,test,0353
3,test,0367
3,test,0410
3,test,0431
3,test,0444
3,test,0467
3,test,0502
3,test,0517
3,test,0555
3,test,0589
3,test,0592
3,test,0605
3,test,0619
3,test,0628
3,test,0641
3,test,0644
3,test,0647
3,test,0650
3,test,0686
3,test,0728
3,test,0752
3,test,0772
3,test,0863
3,test,0983
3,test,1239
3,test,2411
3,test,6518
3,test,7071
3,test,7161
3,test,7219
3,test,7232
3,test,7239
3,test,7348
3,test,7496
3,test,7505
3,test,7516
3,test,7590
3,test,7592
3,test,7680
3,test,7706
3,test,7738
3,test,7890
3,test,7906
3,test,7946
3,test,7967
3,test,8012
3,test,8043
3,test,8113
3,test,8165
3,test,8172
3,test,8217
3,test,8231
3,test,8259
3,test,9770
3,test,9777
3,test,9886
3,test,9892
4,train,0087
4,train,0089
4,train,0090
4,train,0091
4,train,0094
4,train,0100
4,train,0103
4,train,0104
4,train,0105
4,train,0135
4,train,0149
4,train,0151
4,train,0152
4,train,0155
4,train,0172
4,train,0190
4,train,0199
4,train,0210
4,train,0219
4,train,0220
4,train,0223
4,train,0229
4,train,0237
4,train,0243
4,train,0256
4,train,0266
4,train,0280
4,train,0284
4,train,0316
4,train,0341
4,train,0353
4,train,0362
4,train,0364
4,train,0367
4,train,0376
4,train,0395
4,train,0408
4,train,0419
4,train,0431
4,train,0440
4,train,0441
4,train,0444
4,train,0457
4,train,0464
4,train,0469
4,train,0470
4,train,0473
4,train,0488
4,train,0492
4,train,0495
4,train,0497
4,train,0498
4,train,0500
4,train,0502
4,train,0506
4,train,0513
4,train,0517
4,train,0528
4,train,0534
4,train,0539
4,train,0543
4,train,0550
4,train,0553
4,train,0561
4,train,0568
4,train,0571
4,train,0583
4,train,0589
4,train,0596
4,train,0605
4,train,0619
4,train,0628
4,train,0641
4,train,0644
4,train,0648
4,train,0653
4,train,0660
4,train,0663
4,train,0671
4,train,0673
4,train,0679
4,train,0684
4,train,0686
4,train,0692
4,train,0701
4,train,0706
4,train,0728
4,train,0730
4,train,0752
4,train,0754
4,train,0769
4,train,0772
4,train,0779
4,train,0783
4,train,0813
4,train,0821
4,train,0830
4,train,0863
4,train,0922
4,train,0940
4,train,0975
4,train,0983
4,train,1021
4,train,1064
4,train,1120
4,train,1127
4,train,1154
4,train,1176
4,train,1239
4,train,1261
4,train,2411
4,train,4191
4,train,5431
4,train,6034
4,train,6258
4,train,6279
4,train,6311
4,train,6582
4,train,6732
4,train,6740
4,train,6806
4,train,6807
4,train,6830
4,train,6848
4,train,6851
4,train,6878
4,train,6940
4,train,7004
4,train,7017
4,train,7021
4,train,7071
4,train,7107
4,train,7112
4,train,7135
4,train,7161
4,train,7180
4,train,7219
4,train,7232
4,train,7239
4,train,7359
4,train,7476
4,train,7485
4,train,7496
4,train,7505
4,train,7516
4,train,7588
4,train,7592
4,train,7595
4,train,7601
4,train,7602
4,train,7622
4,train,7680
4,train,7699
4,train,7706
4,train,7715
4,train,7721
4,train,7738
4,train,7753
4,train,7769
4,train,7780
4,train,7789
4,train,7809
4,train,7815
4,train,7824
4,train,7831
4,train,7833
4,train,7845
4,train,7853
4,train,7890
4,train,7906
4,train,7926
4,train,7936
4,train,7946
4,train,7959
4,train,7967
4,train,7974
4,train,7975
4,train,7985
4,train,8012
4,train,8043
4,train,8061
4,train,8113
4,train,8121
4,train,8139
4,train,8150
4,train,8167
4,train,8171
4,train,8172
4,train,8174
4,train,8177
4,train,8191
4,train,8194
4,train,8217
4,train,8231
4,train,8232
4,train,8259
4,train,8268
4,train,9770
4,train,9772
4,train,9777
4,train,9789
4,train,9871
4,train,9873
4,train,9884
4,train,9886
4,train,9891
4,train,9892
4,train,9903
4,validation,0086
4,validation,0097
4,validation,0099
4,validation,0146
4,validation,0185
4,validation,0192
4,validation,0203
4,validation,0267
4,validation,0287
4,validation,0288
4,validation,0297
4,validation,0410
4,validation,0434
4,validation,0438
4,validation,0443
4,validation,0467
4,validation,0493
4,validation,0555
4,validation,0584
4,validation,0592
4,validation,0601
4,validation,0616
4,validation,0629
4,validation,0647
4,validation,0650
4,validation,0665
4,validation,0737
4,validation,1267
4,validation,1269
4,validation,2048
4,validation,6518
4,validation,6763
4,validation,6769
4,validation,6964
4,validation,7228
4,validation,7348
4,validation,7369
4,validation,7387
4,validation,7549
4,validation,7590
4,validation,7683
4,validation,7686
4,validation,7704
4,validation,7830
4,validation,7884
4,validation,7943
4,validation,7962
4,validation,8127
4,validation,8165
4,validation,8170
4,validation,8234
4,validation,8248
4,test,0126
4,test,0234
4,test,0289
4,test,0292
4,test,0296
4,test,0312
4,test,0384
4,test,0423
4,test,0479
4,test,0487
4,test,0491
4,test,0501
4,test,0546
4,test,0556
4,test,0580
4,test,0611
4,test,0642
4,test,0643
4,test,0678
4,test,0820
4,test,0824
4,test,0838
4,test,0892
4,test,1038
4,test,1139
4,test,1146
4,test,1165
4,test,1224
4,test,1232
4,test,3997
4,test,6746
4,test,6847
4,test,6985
4,test,7078
4,test,7126
4,test,7248
4,test,7462
4,test,7475
4,test,7521
4,test,7630
4,test,7637
4,test,7663
4,test,7666
4,test,7679
4,test,7742
4,test,7744
4,test,7748
4,test,7805
4,test,7883
4,test,7948
4,test,7952
4,test,8010
4,test,8041
4,test,8052
4,test,8054
4,test,8086
4,test,8237
4,test,8254
4,test,9761
4,test,9780
4,test,9853
4,test,9904
4,test,9910
4,test,9912
