dataset,identity_id,usable_row_count,usable_days,support_day_count,future_query_day_count,gallery_row_count,query_row_count,cohort_status,eligibility_reason
holstein,0086,13,1|2|3|4|5|6|7|8|9,5,3,7,5,strict,continuous-day1-6-and-future-query
holstein,0087,9,1|2|3|4|5|6|7|8|9,5,3,5,3,strict,continuous-day1-6-and-future-query
holstein,0089,12,1|2|3|4|5|6|7|8|9,5,3,6,4,strict,continuous-day1-6-and-future-query
holstein,0090,11,1|2|3|4|5|6|7|8|9,5,3,6,4,strict,continuous-day1-6-and-future-query
holstein,0091,11,1|2|3|4|5|6|7|8|9,5,3,5,3,strict,continuous-day1-6-and-future-query
holstein,0093,12,2|3|4|5|6|7|8|9,4,3,6,3,availability-only,strict-window-incomplete
holstein,0094,10,1|2|3|4|5|6|7|8|9,5,3,6,3,strict,continuous-day1-6-and-future-query
holstein,0097,9,1|2|3|4|5|6|7|8|9,5,3,5,3,strict,continuous-day1-6-and-future-query
holstein,0098,7,3|4|5|6|7|8|9,3,3,3,3,availability-only,strict-window-incomplete
holstein,0099,9,1|2|3|4|5|6|7|8|9,5,3,5,3,strict,continuous-day1-6-and-future-query
holstein,0100,11,1|2|3|4|5|6|7|8|9,5,3,6,3,strict,continuous-day1-6-and-future-query
holstein,0103,9,1|2|3|4|5|6|7|8|9,5,3,5,3,strict,continuous-day1-6-and-future-query
holstein,0104,9,1|2|3|4|5|6|7|8|9,5,3,5,3,strict,continuous-day1-6-and-future-query
holstein,0105,10,1|2|3|4|5|6|7|8|9,5,3,6,3,strict,continuous-day1-6-and-future-query
holstein,0126,10,1|2|3|4|5|6|7|8|9,5,3,5,3,strict,continuous-day1-6-and-future-query
holstein,0135,9,1|2|3|4|5|6|7|8|9,5,3,5,3,strict,continuous-day1-6-and-future-query
holstein,0146,9,1|2|3|4|5|6|7|8|9,5,3,5,3,strict,continuous-day1-6-and-future-query
holstein,0149,10,1|2|3|4|5|6|7|8|9,5,3,5,4,strict,continuous-day1-6-and-future-query
holstein,0151,9,1|2|3|4|5|6|7|8|9,5,3,5,3,strict,continuous-day1-6-and-future-query
holstein,0152,13,1|2|3|4|5|6|7|8|9,5,3,9,3,strict,continuous-day1-6-and-future-query
holstein,0155,12,1|2|3|4|5|6|7|8|9,5,3,5,4,strict,continuous-day1-6-and-future-query
holstein,0172,11,1|2|3|4|5|6|7|8|9,5,3,5,4,strict,continuous-day1-6-and-future-query
holstein,0185,11,1|2|3|4|5|6|7|8|9,5,3,7,3,strict,continuous-day1-6-and-future-query
holstein,0190,12,1|2|3|4|5|6|7|8|9,5,3,5,3,strict,continuous-day1-6-and-future-query
holstein,0192,10,1|2|3|4|5|6|7|8|9,5,3,6,3,strict,continuous-day1-6-and-future-query
holstein,0197,10,1|2|4|5|6|7|8|9,4,3,5,4,availability-only,strict-window-incomplete
holstein,0199,9,1|2|3|4|5|6|7|8|9,5,3,5,3,strict,continuous-day1-6-and-future-query
holstein,0203,9,1|2|3|4|5|6|7|8|9,5,3,5,3,strict,continuous-day1-6-and-future-query
holstein,0207,7,3|4|5|6|7|8|9,3,3,3,3,availability-only,strict-window-incomplete
holstein,0210,11,1|2|3|4|5|6|7|8|9,5,3,6,4,strict,continuous-day1-6-and-future-query
holstein,0219,10,1|2|3|4|5|6|7|8|9,5,3,6,3,strict,continuous-day1-6-and-future-query
holstein,0220,11,1|2|3|4|5|6|7|8|9,5,3,5,5,strict,continuous-day1-6-and-future-query
holstein,0223,10,1|2|3|4|5|6|7|8|9,5,3,6,3,strict,continuous-day1-6-and-future-query
holstein,0229,9,1|2|3|4|5|6|7|8|9,5,3,5,3,strict,continuous-day1-6-and-future-query
holstein,0234,9,1|2|3|4|5|6|7|8|9,5,3,5,3,strict,continuous-day1-6-and-future-query
holstein,0237,9,1|2|3|4|5|6|7|8|9,5,3,5,3,strict,continuous-day1-6-and-future-query
holstein,0243,10,1|2|3|4|5|6|7|8|9,5,3,6,3,strict,continuous-day1-6-and-future-query
holstein,0256,10,1|2|3|4|5|6|7|8|9,5,3,6,3,strict,continuous-day1-6-and-future-query
holstein,0266,10,1|2|3|4|5|6|7|8|9,5,3,6,3,strict,continuous-day1-6-and-future-query
holstein,0267,10,1|2|3|4|5|6|7|8|9,5,3,6,3,strict,continuous-day1-6-and-future-query
holstein,0280,10,1|2|3|4|5|6|7|8|9,5,3,5,4,strict,continuous-day1-6-and-future-query
holstein,0284,12,1|2|3|4|5|6|7|8|9,5,3,6,5,strict,continuous-day1-6-and-future-query
holstein,0287,9,1|2|3|4|5|6|7|8|9,5,3,5,3,strict,continuous-day1-6-and-future-query
holstein,0288,14,1|2|3|4|5|6|7|8|9,5,3,10,3,strict,continuous-day1-6-and-future-query
holstein,0289,9,1|2|3|4|5|6|7|8|9,5,3,5,3,strict,continuous-day1-6-and-future-query
holstein,0292,11,1|2|3|4|5|6|7|8,5,2,7,3,strict,continuous-day1-6-and-future-query
holstein,0295,10,1|2|4|5|6|7|8|9,4,3,6,3,availability-only,strict-window-incomplete
holstein,0296,9,1|2|3|4|5|6|7|8|9,5,3,5,3,strict,continuous-day1-6-and-future-query
holstein,0297,8,1|2|3|4|5|6|8|9,5,2,5,2,strict,continuous-day1-6-and-future-query
holstein,0298,8,1|3|4|5|6|7|8|9,4,3,4,3,availability-only,strict-window-incomplete
holstein,0300,10,1|3|4|5|6|7|8|9,4,3,4,5,availability-only,strict-window-incomplete
holstein,0312,9,1|2|3|4|5|6|7|8|9,5,3,5,3,strict,continuous-day1-6-and-future-query
holstein,0316,10,1|2|3|4|5|6|7|8|9,5,3,5,3,strict,continuous-day1-6-and-future-query
holstein,0341,9,1|2|3|4|5|6|7|8|9,5,3,5,3,strict,continuous-day1-6-and-future-query
holstein,0353,11,1|2|3|4|5|6|7|8|9,5,3,5,3,strict,continuous-day1-6-and-future-query
holstein,0362,9,1|2|3|4|5|6|7|8|9,5,3,5,3,strict,continuous-day1-6-and-future-query
holstein,0364,9,1|2|3|4|5|6|7|8|9,5,3,5,3,strict,continuous-day1-6-and-future-query
holstein,0367,11,1|2|3|4|5|6|7|8|9,5,3,5,5,strict,continuous-day1-6-and-future-query
holstein,0376,9,1|2|3|4|5|6|7|8|9,5,3,5,3,strict,continuous-day1-6-and-future-query
holstein,0384,10,1|2|3|4|5|6|7|8|9,5,3,5,4,strict,continuous-day1-6-and-future-query
holstein,0395,11,1|2|3|4|5|6|7|8|9,5,3,7,3,strict,continuous-day1-6-and-future-query
holstein,0408,9,1|2|3|4|5|6|7|8|9,5,3,5,3,strict,continuous-day1-6-and-future-query
holstein,0410,9,1|2|3|4|5|6|7|8|9,5,3,5,3,strict,continuous-day1-6-and-future-query
holstein,0419,14,1|2|3|4|5|6|7|8|9,5,3,5,7,strict,continuous-day1-6-and-future-query
holstein,0423,11,1|2|3|4|5|6|7|8|9,5,3,5,4,strict,continuous-day1-6-and-future-query
holstein,0431,9,1|2|3|4|5|6|7|8|9,5,3,5,3,strict,continuous-day1-6-and-future-query
holstein,0434,9,1|2|3|4|5|6|7|8|9,5,3,5,3,strict,continuous-day1-6-and-future-query
holstein,0438,11,1|2|3|4|5|6|7|8|9,5,3,7,3,strict,continuous-day1-6-and-future-query
holstein,0440,10,1|2|3|4|5|6|7|8|9,5,3,5,4,strict,continuous-day1-6-and-future-query
holstein,0441,13,1|2|3|4|5|6|7|8|9,5,3,9,3,strict,continuous-day1-6-and-future-query
holstein,0443,8,1|2|3|4|5|6|8|9,5,2,5,2,strict,continuous-day1-6-and-future-query
holstein,0444,11,1|2|3|4|5|6|7|8|9,5,3,7,3,strict,continuous-day1-6-and-future-query
holstein,0457,9,1|2|3|4|5|6|7|8|9,5,3,5,3,strict,continuous-day1-6-and-future-query
holstein,0464,10,1|2|3|4|5|6|7|8|9,5,3,6,3,strict,continuous-day1-6-and-future-query
holstein,0467,8,1|2|3|4|5|6|8|9,5,2,5,2,strict,continuous-day1-6-and-future-query
holstein,0469,10,1|2|3|4|5|6|7|8|9,5,3,5,4,strict,continuous-day1-6-and-future-query
holstein,0470,11,1|2|3|4|5|6|7|8|9,5,3,5,3,strict,continuous-day1-6-and-future-query
holstein,0473,10,1|2|3|4|5|6|7|8|9,5,3,5,3,strict,continuous-day1-6-and-future-query
holstein,0479,11,1|2|3|4|5|6|7|8|9,5,3,6,4,strict,continuous-day1-6-and-future-query
holstein,0487,9,1|2|3|4|5|6|7|8|9,5,3,5,3,strict,continuous-day1-6-and-future-query
holstein,0488,9,1|2|3|4|5|6|7|8|9,5,3,5,3,strict,continuous-day1-6-and-future-query
holstein,0491,13,1|2|3|4|5|6|7|8|9,5,3,5,6,strict,continuous-day1-6-and-future-query
holstein,0492,10,1|2|3|4|5|6|7|8|9,5,3,6,3,strict,continuous-day1-6-and-future-query
holstein,0493,10,1|2|3|4|5|6|7|8|9,5,3,5,4,strict,continuous-day1-6-and-future-query
holstein,0495,9,1|2|3|4|5|6|7|8|9,5,3,5,3,strict,continuous-day1-6-and-future-query
holstein,0496,9,1|3|4|5|6|7|8|9,4,3,5,3,availability-only,strict-window-incomplete
holstein,0497,9,1|2|3|4|5|6|8|9,5,2,5,3,strict,continuous-day1-6-and-future-query
holstein,0498,9,1|2|3|4|5|6|7|8|9,5,3,5,3,strict,continuous-day1-6-and-future-query
holstein,0500,11,1|2|3|4|5|6|7|8|9,5,3,6,4,strict,continuous-day1-6-and-future-query
holstein,0501,10,1|2|3|4|5|6|7|8|9,5,3,6,3,strict,continuous-day1-6-and-future-query
holstein,0502,9,1|2|3|4|5|6|7|8|9,5,3,5,3,strict,continuous-day1-6-and-future-query
holstein,0503,9,1|3|4|5|7|8|9,4,3,6,3,availability-only,strict-window-incomplete
holstein,0506,11,1|2|3|4|5|6|7|8|9,5,3,5,3,strict,continuous-day1-6-and-future-query
holstein,0513,10,1|2|3|4|5|6|7|8|9,5,3,6,3,strict,continuous-day1-6-and-future-query
holstein,0517,10,1|2|3|4|5|6|7|8|9,5,3,5,4,strict,continuous-day1-6-and-future-query
holstein,0528,10,1|2|3|4|5|6|7|8|9,5,3,5,4,strict,continuous-day1-6-and-future-query
holstein,0534,13,1|2|3|4|5|6|7|8|9,5,3,6,6,strict,continuous-day1-6-and-future-query
holstein,0539,9,1|2|3|4|5|6|7|8|9,5,3,5,3,strict,continuous-day1-6-and-future-query
holstein,0541,7,3|4|5|6|7|8|9,3,3,3,3,availability-only,strict-window-incomplete
holstein,0543,14,1|2|3|4|5|6|7|8|9,5,3,5,6,strict,continuous-day1-6-and-future-query
holstein,0546,11,1|2|3|4|5|6|7|8|9,5,3,5,5,strict,continuous-day1-6-and-future-query
holstein,0550,9,1|2|3|4|5|6|7|8|9,5,3,5,3,strict,continuous-day1-6-and-future-query
holstein,0553,9,1|2|3|4|5|6|7|8|9,5,3,5,3,strict,continuous-day1-6-and-future-query
holstein,0555,9,1|2|3|4|5|6|7|8|9,5,3,5,3,strict,continuous-day1-6-and-future-query
holstein,0556,11,1|2|3|4|5|6|7|8|9,5,3,5,5,strict,continuous-day1-6-and-future-query
holstein,0561,10,1|2|3|4|5|6|7|8|9,5,3,6,3,strict,continuous-day1-6-and-future-query
holstein,0563,6,3|4|6|7|8|9,2,3,2,3,availability-only,strict-window-incomplete
holstein,0568,10,1|2|3|4|5|6|7|8|9,5,3,6,3,strict,continuous-day1-6-and-future-query
holstein,0571,9,1|2|3|4|5|6|7|8|9,5,3,5,3,strict,continuous-day1-6-and-future-query
holstein,0579,7,3|4|5|6|7|8|9,3,3,3,3,availability-only,strict-window-incomplete
holstein,0580,10,1|2|3|4|5|6|7|8|9,5,3,6,3,strict,continuous-day1-6-and-future-query
holstein,0583,18,1|2|3|4|5|6|7|8|9,5,3,10,5,strict,continuous-day1-6-and-future-query
holstein,0584,9,1|2|3|4|5|6|7|8|9,5,3,5,3,strict,continuous-day1-6-and-future-query
holstein,0589,9,1|2|3|4|5|6|7|8|9,5,3,5,3,strict,continuous-day1-6-and-future-query
holstein,0592,9,1|2|3|4|5|6|7|8|9,5,3,5,3,strict,continuous-day1-6-and-future-query
holstein,0593,10,2|3|4|5|6|7|8|9,4,3,6,3,availability-only,strict-window-incomplete
holstein,0594,9,2|3|4|5|6|7|8|9,4,3,5,3,availability-only,strict-window-incomplete
holstein,0596,10,1|2|3|4|5|6|7|8|9,5,3,6,3,strict,continuous-day1-6-and-future-query
holstein,0601,9,1|2|3|4|5|6|7|8|9,5,3,5,3,strict,continuous-day1-6-and-future-query
holstein,0605,12,1|2|3|4|5|6|7|8|9,5,3,5,5,strict,continuous-day1-6-and-future-query
holstein,0611,9,1|2|3|4|5|6|7|8|9,5,3,5,3,strict,continuous-day1-6-and-future-query
holstein,0616,9,1|2|3|4|5|6|7|8|9,5,3,5,3,strict,continuous-day1-6-and-future-query
holstein,0619,8,1|2|3|4|5|6|7|9,5,2,5,2,strict,continuous-day1-6-and-future-query
holstein,0624,9,1|2|3|4|5|7|8|9,5,3,5,4,availability-only,strict-window-incomplete
holstein,0628,11,1|2|3|4|5|6|7|8|9,5,3,5,4,strict,continuous-day1-6-and-future-query
holstein,0629,7,1|2|3|4|5|6|8,5,1,5,1,strict,continuous-day1-6-and-future-query
holstein,0641,13,1|2|3|4|5|6|7|8|9,5,3,6,4,strict,continuous-day1-6-and-future-query
holstein,0642,10,1|2|3|4|5|6|7|8|9,5,3,5,3,strict,continuous-day1-6-and-future-query
holstein,0643,14,1|2|3|4|5|6|7|8|9,5,3,8,5,strict,continuous-day1-6-and-future-query
holstein,0644,8,1|2|3|4|5|6|8|9,5,2,5,2,strict,continuous-day1-6-and-future-query
holstein,0647,8,1|2|3|4|5|6|8|9,5,2,5,2,strict,continuous-day1-6-and-future-query
holstein,0648,10,1|2|3|4|5|6|7|8|9,5,3,5,4,strict,continuous-day1-6-and-future-query
holstein,0650,9,1|2|3|4|5|6|7|8|9,5,3,5,3,strict,continuous-day1-6-and-future-query
holstein,0651,6,3|5|6|7|8|9,2,3,2,3,availability-only,strict-window-incomplete
holstein,0653,10,1|2|3|4|5|6|7|8|9,5,3,5,3,strict,continuous-day1-6-and-future-query
holstein,0655,7,3|4|5|6|7|8|9,3,3,3,3,availability-only,strict-window-incomplete
holstein,0660,9,1|2|3|4|5|6|7|8|9,5,3,5,3,strict,continuous-day1-6-and-future-query
holstein,0661,7,3|4|5|6|7|8|9,3,3,3,3,availability-only,strict-window-incomplete
holstein,0662,6,3|5|6|7|8|9,2,3,2,3,availability-only,strict-window-incomplete
holstein,0663,9,1|2|3|4|5|6|7|8|9,5,3,5,3,strict,continuous-day1-6-and-future-query
holstein,0664,6,3|4|6|7|8|9,2,3,2,3,availability-only,strict-window-incomplete
holstein,0665,10,1|2|3|4|5|6|7|8|9,5,3,6,3,strict,continuous-day1-6-and-future-query
holstein,0667,11,3|4|5|6|7|8|9,3,3,4,3,availability-only,strict-window-incomplete
holstein,0671,9,1|2|3|4|5|6|7|8|9,5,3,5,3,strict,continuous-day1-6-and-future-query
holstein,0673,11,1|2|3|4|5|6|7|8|9,5,3,6,4,strict,continuous-day1-6-and-future-query
holstein,0675,5,3|5|6|8|9,2,2,2,2,availability-only,strict-window-incomplete
holstein,0678,10,1|2|3|4|5|6|7|8|9,5,3,6,3,strict,continuous-day1-6-and-future-query
holstein,0679,9,1|2|3|4|5|6|7|8|9,5,3,5,3,strict,continuous-day1-6-and-future-query
holstein,0684,9,1|2|3|4|5|6|7|8|9,5,3,5,3,strict,continuous-day1-6-and-future-query
holstein,0686,9,1|2|3|4|5|6|7|8|9,5,3,5,3,strict,continuous-day1-6-and-future-query
holstein,0692,9,1|2|3|4|5|6|7|8|9,5,3,5,3,strict,continuous-day1-6-and-future-query
holstein,0701,9,1|2|3|4|5|6|7|8|9,5,3,5,3,strict,continuous-day1-6-and-future-query
holstein,0706,10,1|2|3|4|5|6|7|8|9,5,3,5,4,strict,continuous-day1-6-and-future-query
holstein,0712,8,1|3|4|5|6|7|8|9,4,3,4,3,availability-only,strict-window-incomplete
holstein,0720,7,3|4|5|6|7|8|9,3,3,3,3,availability-only,strict-window-incomplete
holstein,0728,9,1|2|3|4|5|6|7|8|9,5,3,5,3,strict,continuous-day1-6-and-future-query
holstein,0730,10,1|2|3|4|5|6|7|8|9,5,3,5,4,strict,continuous-day1-6-and-future-query
holstein,0731,6,4|5|6|7|8|9,2,3,2,3,availability-only,strict-window-incomplete
holstein,0733,9,1|3|4|5|6|7|8|9,4,3,4,4,availability-only,strict-window-incomplete
holstein,0737,9,1|2|3|4|5|6|7|8|9,5,3,5,3,strict,continuous-day1-6-and-future-query
holstein,0738,7,3|4|5|6|7|8|9,3,3,3,3,availability-only,strict-window-incomplete
holstein,0746,8,3|4|5|6|7|8,3,2,3,2,availability-only,strict-window-incomplete
holstein,0748,7,3|4|5|6|7|8|9,3,3,3,3,availability-only,strict-window-incomplete
holstein,0749,7,3|4|5|6|7|8|9,3,3,3,3,availability-only,strict-window-incomplete
holstein,0752,9,1|2|3|4|5|6|7|8|9,5,3,5,3,strict,continuous-day1-6-and-future-query
holstein,0754,9,1|2|3|4|5|6|7|8|9,5,3,5,3,strict,continuous-day1-6-and-future-query
holstein,0769,10,1|2|3|4|5|6|7|8|9,5,3,6,3,strict,continuous-day1-6-and-future-query
holstein,0772,9,1|2|3|4|5|6|7|8|9,5,3,5,3,strict,continuous-day1-6-and-future-query
holstein,0779,8,1|2|3|4|5|6|8|9,5,2,5,2,strict,continuous-day1-6-and-future-query
holstein,0783,9,1|2|3|4|5|6|7|8|9,5,3,5,3,strict,continuous-day1-6-and-future-query
holstein,0809,7,3|4|5|6|7|8|9,3,3,3,3,availability-only,strict-window-incomplete
holstein,0813,11,1|2|3|4|5|6|7|8|9,5,3,5,3,strict,continuous-day1-6-and-future-query
holstein,0820,9,1|2|3|4|5|6|7|8|9,5,3,5,3,strict,continuous-day1-6-and-future-query
holstein,0821,8,1|2|3|4|5|6|8|9,5,2,5,2,strict,continuous-day1-6-and-future-query
holstein,0824,8,1|2|3|4|5|6|8|9,5,2,5,2,strict,continuous-day1-6-and-future-query
holstein,0826,7,1|3|4|5|6|8|9,4,2,4,2,availability-only,strict-window-incomplete
holstein,0830,8,1|2|3|4|5|6|8|9,5,2,5,2,strict,continuous-day1-6-and-future-query
holstein,0838,9,1|2|3|4|5|6|7|8|9,5,3,5,3,strict,continuous-day1-6-and-future-query
holstein,0849,7,3|4|5|6|7|8|9,3,3,3,3,availability-only,strict-window-incomplete
holstein,0863,8,1|2|3|4|5|6|8|9,5,2,5,2,strict,continuous-day1-6-and-future-query
holstein,0892,10,1|2|3|4|5|6|7|8|9,5,3,5,4,strict,continuous-day1-6-and-future-query
holstein,0922,8,1|2|3|4|5|6|8|9,5,2,5,2,strict,continuous-day1-6-and-future-query
holstein,0940,9,1|2|3|4|5|6|7|8|9,5,3,5,3,strict,continuous-day1-6-and-future-query
holstein,0975,10,1|2|3|4|5|6|7|8|9,5,3,5,4,strict,continuous-day1-6-and-future-query
holstein,0983,9,1|2|3|4|5|6|7|8|9,5,3,5,3,strict,continuous-day1-6-and-future-query
holstein,1021,10,1|2|3|4|5|6|7|8|9,5,3,5,4,strict,continuous-day1-6-and-future-query
holstein,1038,12,1|2|3|4|5|6|7|8|9,5,3,6,5,strict,continuous-day1-6-and-future-query
holstein,1064,9,1|2|3|4|5|6|8|9,5,2,5,2,strict,continuous-day1-6-and-future-query
holstein,1120,9,1|2|3|4|5|6|7|8|9,5,3,5,3,strict,continuous-day1-6-and-future-query
holstein,1127,11,1|2|3|4|5|6|7|8|9,5,3,6,4,strict,continuous-day1-6-and-future-query
holstein,1139,11,1|2|3|4|5|6|7|8|9,5,3,5,5,strict,continuous-day1-6-and-future-query
holstein,1146,11,1|2|3|4|5|6|7|8|9,5,3,5,3,strict,continuous-day1-6-and-future-query
holstein,1154,9,1|2|3|4|5|6|7|8,5,2,5,3,strict,continuous-day1-6-and-future-query
holstein,1165,10,1|2|3|4|5|6|7|8|9,5,3,5,3,strict,continuous-day1-6-and-future-query
holstein,1176,9,1|2|3|4|5|6|7|8|9,5,3,5,3,strict,continuous-day1-6-and-future-query
holstein,1224,10,1|2|3|4|5|6|8|9,5,2,7,2,strict,continuous-day1-6-and-future-query
holstein,1232,9,1|2|3|4|5|6|7|8|9,5,3,5,3,strict,continuous-day1-6-and-future-query
holstein,1239,8,1|2|3|4|5|6|7|9,5,2,5,2,strict,continuous-day1-6-and-future-query
holstein,1261,9,1|2|3|4|5|6|7|8|9,5,3,5,3,strict,continuous-day1-6-and-future-query
holstein,1263,8,2|3|4|6|7|8|9,3,3,3,4,availability-only,strict-window-incomplete
holstein,1267,9,1|2|3|4|5|6|7|8|9,5,3,5,3,strict,continuous-day1-6-and-future-query
holstein,1269,11,1|2|3|4|5|6|7|8|9,5,3,7,3,strict,continuous-day1-6-and-future-query
holstein,2048,9,1|2|3|4|5|6|7|8|9,5,3,5,3,strict,continuous-day1-6-and-future-query
holstein,2411,10,1|2|3|4|5|6|7|8|9,5,3,5,4,strict,continuous-day1-6-and-future-query
holstein,2412,8,3|4|5|6|7|8|9,3,3,3,4,availability-only,strict-window-incomplete
holstein,3997,11,1|2|3|4|5|6|7|8|9,5,3,6,4,strict,continuous-day1-6-and-future-query
holstein,4191,11,1|2|3|4|5|6|7|8|9,5,3,7,3,strict,continuous-day1-6-and-future-query
holstein,5431,11,1|2|3|4|5|6|7|8|9,5,3,5,5,strict,continuous-day1-6-and-future-query
holstein,6034,13,1|2|3|4|5|6|7|8|9,5,3,8,3,strict,continuous-day1-6-and-future-query
holstein,6258,10,1|2|3|4|5|6|7|8|9,5,3,5,4,strict,continuous-day1-6-and-future-query
holstein,6279,9,1|2|3|4|5|6|7|8|9,5,3,5,3,strict,continuous-day1-6-and-future-query
holstein,6311,9,1|2|3|4|5|6|7|8|9,5,3,5,3,strict,continuous-day1-6-and-future-query
holstein,6518,16,1|2|3|4|5|6|7|8|9,5,3,7,6,strict,continuous-day1-6-and-future-query
holstein,6582,11,1|2|3|4|5|6|7|8|9,5,3,6,3,strict,continuous-day1-6-and-future-query
holstein,6700,9,1|2|4|5|6|7|8|9,4,3,4,4,availability-only,strict-window-incomplete
holstein,6732,10,1|2|3|4|5|6|7|8|9,5,3,5,4,strict,continuous-day1-6-and-future-query
holstein,6740,9,1|2|3|4|5|6|7|8|9,5,3,5,3,strict,continuous-day1-6-and-future-query
holstein,6746,13,1|2|3|4|5|6|7|8|9,5,3,8,4,strict,continuous-day1-6-and-future-query
holstein,6763,10,1|2|3|4|5|6|7|8|9,5,3,5,4,strict,continuous-day1-6-and-future-query
holstein,6769,10,1|2|3|4|5|6|8|9,5,2,5,3,strict,continuous-day1-6-and-future-query
holstein,6806,13,1|2|3|4|5|6|7|8|9,5,3,6,5,strict,continuous-day1-6-and-future-query
holstein,6807,10,1|2|3|4|5|6|7|8|9,5,3,5,3,strict,continuous-day1-6-and-future-query
holstein,6830,9,1|2|3|4|5|6|7|8|9,5,3,5,3,strict,continuous-day1-6-and-future-query
holstein,6847,10,1|2|3|4|5|6|7|8|9,5,3,5,4,strict,continuous-day1-6-and-future-query
holstein,6848,10,1|2|3|4|5|6|7|8|9,5,3,5,4,strict,continuous-day1-6-and-future-query
holstein,6851,9,1|2|3|4|5|6|7|8|9,5,3,5,3,strict,continuous-day1-6-and-future-query
holstein,6878,11,1|2|3|4|5|6|7|8|9,5,3,6,3,strict,continuous-day1-6-and-future-query
holstein,6940,9,1|2|3|4|5|6|7|8|9,5,3,5,3,strict,continuous-day1-6-and-future-query
holstein,6964,9,1|2|3|4|5|6|7|8|9,5,3,5,3,strict,continuous-day1-6-and-future-query
holstein,6985,10,1|2|3|4|5|6|7|8|9,5,3,6,3,strict,continuous-day1-6-and-future-query
holstein,7004,8,1|2|3|4|5|6|7,5,1,6,1,strict,continuous-day1-6-and-future-query
holstein,7017,11,1|2|3|4|5|6|7|8|9,5,3,6,3,strict,continuous-day1-6-and-future-query
holstein,7021,9,1|2|3|4|5|6|7|8|9,5,3,5,3,strict,continuous-day1-6-and-future-query
holstein,7037,10,3|4|5|6|7|8|9,3,3,4,5,availability-only,strict-window-incomplete
holstein,7071,8,1|2|3|4|5|6|8|9,5,2,5,2,strict,continuous-day1-6-and-future-query
holstein,7078,9,1|2|3|4|5|6|7|8|9,5,3,5,3,strict,continuous-day1-6-and-future-query
holstein,7085,8,2|3|4|5|6|7|8|9,4,3,4,3,availability-only,strict-window-incomplete
holstein,7107,9,1|2|3|4|5|6|7|8|9,5,3,5,3,strict,continuous-day1-6-and-future-query
holstein,7112,18,1|2|3|4|5|6|7|8|9,5,3,7,8,strict,continuous-day1-6-and-future-query
holstein,7126,10,1|2|3|4|5|6|7|8|9,5,3,5,4,strict,continuous-day1-6-and-future-query
holstein,7135,9,1|2|3|4|5|6|7|8|9,5,3,5,3,strict,continuous-day1-6-and-future-query
holstein,7141,6,3|4|5|6|8|9,3,2,3,2,availability-only,strict-window-incomplete
holstein,7161,9,1|2|3|4|5|6|7|8|9,5,3,5,3,strict,continuous-day1-6-and-future-query
holstein,7162,9,1|2|4|5|6|7|8|9,4,3,4,3,availability-only,strict-window-incomplete
holstein,7180,9,1|2|3|4|5|6|7|8|9,5,3,5,3,strict,continuous-day1-6-and-future-query
holstein,7184,8,1|2|4|5|6|7|8|9,4,3,4,3,availability-only,strict-window-incomplete
holstein,7219,9,1|2|3|4|5|6|7|8|9,5,3,5,3,strict,continuous-day1-6-and-future-query
holstein,7228,9,1|2|3|4|5|6|7|8|9,5,3,5,3,strict,continuous-day1-6-and-future-query
holstein,7232,10,1|2|3|4|5|6|7|8|9,5,3,5,4,strict,continuous-day1-6-and-future-query
holstein,7239,8,1|2|3|4|5|6|8|9,5,2,5,2,strict,continuous-day1-6-and-future-query
holstein,7248,10,1|2|3|4|5|6|7|8|9,5,3,5,4,strict,continuous-day1-6-and-future-query
holstein,7348,9,1|2|3|4|5|6|7|8|9,5,3,5,3,strict,continuous-day1-6-and-future-query
holstein,7359,10,1|2|3|4|5|6|7|8|9,5,3,6,3,strict,continuous-day1-6-and-future-query
holstein,7369,8,1|2|3|4|5|6|7|9,5,2,5,2,strict,continuous-day1-6-and-future-query
holstein,7378,7,3|4|5|6|7|9,3,2,3,2,availability-only,strict-window-incomplete
holstein,7387,9,1|2|3|4|5|6|7|8|9,5,3,5,3,strict,continuous-day1-6-and-future-query
holstein,7460,8,2|3|4|5|6|7|8|9,4,3,4,3,availability-only,strict-window-incomplete
holstein,7462,17,1|2|3|4|5|6|7|8|9,5,3,8,5,strict,continuous-day1-6-and-future-query
holstein,7475,14,1|2|3|4|5|6|7|8|9,5,3,8,5,strict,continuous-day1-6-and-future-query
holstein,7476,9,1|2|3|4|5|6|7|8|9,5,3,5,3,strict,continuous-day1-6-and-future-query
holstein,7485,9,1|2|3|4|5|6|7|8|9,5,3,5,3,strict,continuous-day1-6-and-future-query
holstein,7496,9,1|2|3|4|5|6|7|8|9,5,3,5,3,strict,continuous-day1-6-and-future-query
holstein,7505,11,1|2|3|4|5|6|7|8|9,5,3,5,5,strict,continuous-day1-6-and-future-query
holstein,7506,8,1|2|3|5|6|7|8|9,4,3,4,3,availability-only,strict-window-incomplete
holstein,7516,10,1|2|3|4|5|6|7|8|9,5,3,5,4,strict,continuous-day1-6-and-future-query
holstein,7521,9,1|2|3|4|5|6|8|9,5,2,5,3,strict,continuous-day1-6-and-future-query
holstein,7549,9,1|2|3|4|5|6|7|8|9,5,3,5,3,strict,continuous-day1-6-and-future-query
holstein,7588,11,1|2|3|4|5|6|7|8|9,5,3,5,4,strict,continuous-day1-6-and-future-query
holstein,7590,10,1|2|3|4|5|6|7|8|9,5,3,5,4,strict,continuous-day1-6-and-future-query
holstein,7592,9,1|2|3|4|5|6|7|8|9,5,3,5,3,strict,continuous-day1-6-and-future-query
holstein,7595,11,1|2|3|4|5|6|7|8|9,5,3,6,4,strict,continuous-day1-6-and-future-query
holstein,7600,8,1|2|4|5|6|7|8|9,4,3,4,3,availability-only,strict-window-incomplete
holstein,7601,10,1|2|3|4|5|6|7|8|9,5,3,6,3,strict,continuous-day1-6-and-future-query
holstein,7602,10,1|2|3|4|5|6|7|8|9,5,3,5,4,strict,continuous-day1-6-and-future-query
holstein,7622,10,1|2|3|4|5|6|7|8|9,5,3,6,3,strict,continuous-day1-6-and-future-query
holstein,7630,9,1|2|3|4|5|6|7|8|9,5,3,5,3,strict,continuous-day1-6-and-future-query
holstein,7637,9,1|2|3|4|5|6|7|8|9,5,3,5,3,strict,continuous-day1-6-and-future-query
holstein,7663,11,1|2|3|4|5|6|7|8|9,5,3,5,3,strict,continuous-day1-6-and-future-query
holstein,7666,11,1|2|3|4|5|6|7|8|9,5,3,5,5,strict,continuous-day1-6-and-future-query
holstein,7679,12,1|2|3|4|5|6|7|8|9,5,3,7,4,strict,continuous-day1-6-and-future-query
holstein,7680,9,1|2|3|4|5|6|7|8|9,5,3,5,3,strict,continuous-day1-6-and-future-query
holstein,7683,7,1|2|3|4|5|6|9,5,1,5,1,strict,continuous-day1-6-and-future-query
holstein,7686,11,1|2|3|4|5|6|7|8|9,5,3,6,4,strict,continuous-day1-6-and-future-query
holstein,7699,10,1|2|3|4|5|6|7|8|9,5,3,6,3,strict,continuous-day1-6-and-future-query
holstein,7704,8,1|2|3|4|5|6|7|9,5,2,5,2,strict,continuous-day1-6-and-future-query
holstein,7706,10,1|2|3|4|5|6|7|8|9,5,3,5,3,strict,continuous-day1-6-and-future-query
holstein,7715,9,1|2|3|4|5|6|7|8|9,5,3,5,3,strict,continuous-day1-6-and-future-query
holstein,7721,10,1|2|3|4|5|6|7|8|9,5,3,6,3,strict,continuous-day1-6-and-future-query
holstein,7738,8,1|2|3|4|5|6|8|9,5,2,5,2,strict,continuous-day1-6-and-future-query
holstein,7739,6,1|2|3|4|8|9,4,2,4,2,availability-only,strict-window-incomplete
holstein,7742,11,1|2|3|4|5|6|7|8|9,5,3,6,4,strict,continuous-day1-6-and-future-query
holstein,7744,9,1|2|3|4|5|6|7|8|9,5,3,5,3,strict,continuous-day1-6-and-future-query
holstein,7748,11,1|2|3|4|5|6|7|8|9,5,3,5,5,strict,continuous-day1-6-and-future-query
holstein,7753,10,1|2|3|4|5|6|7|8|9,5,3,5,4,strict,continuous-day1-6-and-future-query
holstein,7769,10,1|2|3|4|5|6|7|8|9,5,3,5,4,strict,continuous-day1-6-and-future-query
holstein,7780,12,1|2|3|4|5|6|7|8|9,5,3,7,3,strict,continuous-day1-6-and-future-query
holstein,7789,9,1|2|3|4|5|6|7|8|9,5,3,5,3,strict,continuous-day1-6-and-future-query
holstein,7801,10,1|2|3|4|6|7|8|9,4,3,4,4,availability-only,strict-window-incomplete
holstein,7805,9,1|2|3|4|5|6|7|8|9,5,3,5,3,strict,continuous-day1-6-and-future-query
holstein,7809,10,1|2|3|4|5|6|7|8|9,5,3,6,3,strict,continuous-day1-6-and-future-query
holstein,7815,11,1|2|3|4|5|6|7|8|9,5,3,6,4,strict,continuous-day1-6-and-future-query
holstein,7824,10,1|2|3|4|5|6|7|8|9,5,3,5,4,strict,continuous-day1-6-and-future-query
holstein,7830,10,1|2|3|4|5|6|7|8|9,5,3,6,3,strict,continuous-day1-6-and-future-query
holstein,7831,9,1|2|3|4|5|6|7|8|9,5,3,5,3,strict,continuous-day1-6-and-future-query
holstein,7833,9,1|2|3|4|5|6|7|8|9,5,3,5,3,strict,continuous-day1-6-and-future-query
holstein,7835,9,1|2|3|5|6|7|9,4,2,5,2,availability-only,strict-window-incomplete
holstein,7838,10,1|2|3|4|6|7|8|9,4,3,5,3,availability-only,strict-window-incomplete
holstein,7845,8,1|2|3|4|5|6|8|9,5,2,5,2,strict,continuous-day1-6-and-future-query
holstein,7853,11,1|2|3|4|5|6|7|8|9,5,3,6,4,strict,continuous-day1-6-and-future-query
holstein,7863,7,1|3|4|6|7|8|9,3,3,3,3,availability-only,strict-window-incomplete
holstein,7870,7,1|2|3|5|6|8|9,4,2,4,2,availability-only,strict-window-incomplete
holstein,7877,8,2|3|4|5|6|7|8|9,4,3,4,3,availability-only,strict-window-incomplete
holstein,7883,10,1|2|3|4|5|6|7|8|9,5,3,5,4,strict,continuous-day1-6-and-future-query
holstein,7884,9,1|2|3|4|5|6|7|8|9,5,3,5,3,strict,continuous-day1-6-and-future-query
holstein,7890,11,1|2|3|4|5|6|7|8|9,5,3,6,4,strict,continuous-day1-6-and-future-query
holstein,7901,9,1|2|3|5|6|7|8|9,4,3,4,4,availability-only,strict-window-incomplete
holstein,7906,9,1|2|3|4|5|6|7|8|9,5,3,5,3,strict,continuous-day1-6-and-future-query
holstein,7926,9,1|2|3|4|5|6|7|8|9,5,3,5,3,strict,continuous-day1-6-and-future-query
holstein,7936,10,1|2|3|4|5|6|7|8|9,5,3,5,4,strict,continuous-day1-6-and-future-query
holstein,7943,9,1|2|3|4|5|6|7|8|9,5,3,5,3,strict,continuous-day1-6-and-future-query
holstein,7946,12,1|2|3|4|5|6|7|8|9,5,3,7,4,strict,continuous-day1-6-and-future-query
holstein,7948,9,1|2|3|4|5|6|7|8|9,5,3,5,3,strict,continuous-day1-6-and-future-query
holstein,7952,9,1|2|3|4|5|6|7|8|9,5,3,5,3,strict,continuous-day1-6-and-future-query
holstein,7959,9,1|2|3|4|5|6|7|8|9,5,3,5,3,strict,continuous-day1-6-and-future-query
holstein,7962,9,1|2|3|4|5|6|7|9,5,2,6,2,strict,continuous-day1-6-and-future-query
holstein,7967,9,1|2|3|4|5|6|8|9,5,2,5,3,strict,continuous-day1-6-and-future-query
holstein,7974,9,1|2|3|4|5|6|7|8|9,5,3,5,3,strict,continuous-day1-6-and-future-query
holstein,7975,10,1|2|3|4|5|6|7|8|9,5,3,5,4,strict,continuous-day1-6-and-future-query
holstein,7978,9,1|2|4|5|6|7|8|9,4,3,4,3,availability-only,strict-window-incomplete
holstein,7979,8,1|2|3|4|6|7|8|9,4,3,4,3,availability-only,strict-window-incomplete
holstein,7985,10,1|2|3|4|5|6|7|8|9,5,3,5,4,strict,continuous-day1-6-and-future-query
holstein,8010,11,1|2|3|4|5|6|7|8|9,5,3,6,4,strict,continuous-day1-6-and-future-query
holstein,8012,9,1|2|3|4|5|6|7|8|9,5,3,5,3,strict,continuous-day1-6-and-future-query
holstein,8041,9,1|2|3|4|5|6|7|8|9,5,3,5,3,strict,continuous-day1-6-and-future-query
holstein,8043,10,1|2|3|4|5|6|7|8|9,5,3,5,4,strict,continuous-day1-6-and-future-query
holstein,8052,9,1|2|3|4|5|6|8|9,5,2,6,2,strict,continuous-day1-6-and-future-query
holstein,8054,9,1|2|3|4|5|6|7|8|9,5,3,5,3,strict,continuous-day1-6-and-future-query
holstein,8061,11,1|2|3|4|5|6|7|8|9,5,3,6,3,strict,continuous-day1-6-and-future-query
holstein,8086,9,1|2|3|4|5|6|7|8|9,5,3,5,3,strict,continuous-day1-6-and-future-query
holstein,8113,10,1|2|3|4|5|6|7|8|9,5,3,5,4,strict,continuous-day1-6-and-future-query
holstein,8121,10,1|2|3|4|5|6|7|8|9,5,3,5,3,strict,continuous-day1-6-and-future-query
holstein,8123,10,1|2|4|5|6|7|8|9,4,3,4,5,availability-only,strict-window-incomplete
holstein,8127,9,1|2|3|4|5|6|7|8|9,5,3,5,3,strict,continuous-day1-6-and-future-query
holstein,8128,8,1|2|3|4|6|7|8|9,4,3,4,3,availability-only,strict-window-incomplete
holstein,8139,9,1|2|3|4|5|6|7|8|9,5,3,5,3,strict,continuous-day1-6-and-future-query
holstein,8150,9,1|2|3|4|5|6|7|8|9,5,3,5,3,strict,continuous-day1-6-and-future-query
holstein,8165,9,1|2|3|4|5|6|7|8|9,5,3,5,3,strict,continuous-day1-6-and-future-query
holstein,8167,9,1|2|3|4|5|6|7|8|9,5,3,5,3,strict,continuous-day1-6-and-future-query
holstein,8170,9,1|2|3|4|5|6|7|8|9,5,3,5,3,strict,continuous-day1-6-and-future-query
holstein,8171,10,1|2|3|4|5|6|7|8|9,5,3,6,3,strict,continuous-day1-6-and-future-query
holstein,8172,13,1|2|3|4|5|6|7|8|9,5,3,6,3,strict,continuous-day1-6-and-future-query
holstein,8174,14,1|2|3|4|5|6|7|8|9,5,3,6,7,strict,continuous-day1-6-and-future-query
holstein,8177,10,1|2|3|4|5|6|7|8|9,5,3,6,3,strict,continuous-day1-6-and-future-query
holstein,8191,9,1|2|3|4|5|6|7|8|9,5,3,5,3,strict,continuous-day1-6-and-future-query
holstein,8194,10,1|2|3|4|5|6|7|8|9,5,3,5,4,strict,continuous-day1-6-and-future-query
holstein,8204,8,1|3|4|5|6|7|8|9,4,3,4,3,availability-only,strict-window-incomplete
holstein,8217,9,1|2|3|4|5|6|7|8|9,5,3,5,3,strict,continuous-day1-6-and-future-query
holstein,8231,8,1|2|3|4|5|6|8,5,1,5,1,strict,continuous-day1-6-and-future-query
holstein,8232,9,1|2|3|4|5|6|7|8|9,5,3,5,3,strict,continuous-day1-6-and-future-query
holstein,8234,10,1|2|3|4|5|6|7|8|9,5,3,5,3,strict,continuous-day1-6-and-future-query
holstein,8237,10,1|2|3|4|5|6|7|8|9,5,3,5,3,strict,continuous-day1-6-and-future-query
holstein,8248,9,1|2|3|4|5|6|7|8|9,5,3,5,3,strict,continuous-day1-6-and-future-query
holstein,8254,14,1|2|3|4|5|6|7|8|9,5,3,6,5,strict,continuous-day1-6-and-future-query
holstein,8259,11,1|2|3|4|5|6|8|9,5,2,7,2,strict,continuous-day1-6-and-future-query
holstein,8266,8,2|3|4|5|6|7|8|9,4,3,4,3,availability-only,strict-window-incomplete
holstein,8268,9,1|2|3|4|5|6|7|8|9,5,3,5,3,strict,continuous-day1-6-and-future-query
holstein,9761,14,1|2|3|4|5|6|7|8|9,5,3,7,5,strict,continuous-day1-6-and-future-query
holstein,9770,11,1|2|3|4|5|6|7|8|9,5,3,7,3,strict,continuous-day1-6-and-future-query
holstein,9772,9,1|2|3|4|5|6|7|8|9,5,3,5,3,strict,continuous-day1-6-and-future-query
holstein,9777,9,1|2|3|4|5|6|7|8|9,5,3,5,3,strict,continuous-day1-6-and-future-query
holstein,9780,9,1|2|3|4|5|6|7|8|9,5,3,5,3,strict,continuous-day1-6-and-future-query
holstein,9789,11,1|2|3|4|5|6|7|8|9,5,3,5,4,strict,continuous-day1-6-and-future-query
holstein,9853,9,1|2|3|4|5|6|7|8|9,5,3,5,3,strict,continuous-day1-6-and-future-query
holstein,9871,10,1|2|3|4|5|6|7|8|9,5,3,6,3,strict,continuous-day1-6-and-future-query
holstein,9873,14,1|2|3|4|5|6|7|8|9,5,3,6,6,strict,continuous-day1-6-and-future-query
holstein,9884,10,1|2|3|4|5|6|7|8|9,5,3,6,3,strict,continuous-day1-6-and-future-query
holstein,9886,10,1|2|3|4|5|6|7|8|9,5,3,6,3,strict,continuous-day1-6-and-future-query
holstein,9891,9,1|2|3|4|5|6|7|8|9,5,3,5,3,strict,continuous-day1-6-and-future-query
holstein,9892,9,1|2|3|4|5|6|7|8|9,5,3,5,3,strict,continuous-day1-6-and-future-query
holstein,9903,10,1|2|3|4|5|6|7|8|9,5,3,6,3,strict,continuous-day1-6-and-future-query
holstein,9904,9,1|2|3|4|5|6|7|8|9,5,3,5,3,strict,continuous-day1-6-and-future-query
holstein,9910,12,1|2|3|4|5|6|7|8|9,5,3,6,5,strict,continuous-day1-6-and-future-query
holstein,9912,10,1|2|3|4|5|6|7|8|9,5,3,5,4,strict,continuous-day1-6-and-future-query
