method,fold,seed,selected_epoch,score_weight_sha256,export_sha256,binding
GAP,0,17,25,b28d8b666204c2639822301aebd61eb7f7d22fb14c1042b453a2651b72d28a3e,63e8d0c14c1338a4f5aec8217437addddbd086365bb6a09440083925884179fe,score_checkpoint_to_export_catalog_and_local_export_bytes
GAP,0,29,12,f1302df3a9b794b33df781267f82bc217a2b781e85d7762dadf4f92d6d3fe5fc,8d2ef58174770d06472f51cdd51a8c68ce726b3a52c0f22b63aa06b14534b7f4,score_checkpoint_to_export_catalog_and_local_export_bytes
GAP,0,43,17,b54286c6548aef5e0f1b750e2ff65bcea140ce65077d401326352c3333a67356,6e04c0af22e2376617982785e81817625b378ec89dafbcd382bf1a6199cc3bbc,score_checkpoint_to_export_catalog_and_local_export_bytes
GAP,1,17,25,94ab328845236d8fe532df12b5dba34b5d1ce7fb0199080aa37bb65cfe9022ef,71d2ee7de0cdfb189c7ad1eef13bb1eae798bf447a857d9d98f674999718a4a3,score_checkpoint_to_export_catalog_and_local_export_bytes
GAP,1,29,22,882246ba9bdb045bfb083d8548c6f5e50c9b68188e05446872f3b1d01128fbed,a3b95df856c135188b4b6582bca0124c7e8450b9e07e2e37d8a585f805cccd71,score_checkpoint_to_export_catalog_and_local_export_bytes
GAP,1,43,19,76c2ef20e9b078732220f2150473bf3e672ee27d79ceea630278b03a2955366e,cc47b49c8c546d101aff38f6f68d4c6e778a54007e8b09336bdacf6de5a471c4,score_checkpoint_to_export_catalog_and_local_export_bytes
GAP,2,17,12,3093df0a2ea9eba81b7826888fdec4cef1e15fe960a91edb556ede80d53aef9b,f6375c21c432dc75b9d54afac8f537bcb68e93a7205ca67fbfb9f20fac58c226,score_checkpoint_to_export_catalog_and_local_export_bytes
GAP,2,29,5,57b49dde30f1b73a39acda9284e11cf7abb05c67c73dfd19f8c2da7963be8010,0b98a1a4d1e1e268d1fcd2fbc5a589a5e555dbbd7d36f71964212c7b16b4e165,score_checkpoint_to_export_catalog_and_local_export_bytes
GAP,2,43,9,30141a404c94cb6f9f2856737c7cd350446868e16b060093592f919b09b35add,9a1971ca18ba2058fa985080b7fd72a49f839b9f29691cbaddc426d5ce3e7332,score_checkpoint_to_export_catalog_and_local_export_bytes
GAP,3,17,3,209a1429597f70ff789d8a3feb110bcc7deb076ceac2dc6baa760c46320c9594,90e9f78ef0116a1ac306618d977b7807f937310b295499aaebc7eb037e49ec1c,score_checkpoint_to_export_catalog_and_local_export_bytes
GAP,3,29,15,c7e660f42ab1f2023ffd293add4521fdbf479502a27a02d136165f398316827f,1664301d02b9f50508bcd20b463dd69d800907e5a7b2fbfc4642b93e87e4be42,score_checkpoint_to_export_catalog_and_local_export_bytes
GAP,3,43,4,db6b51a3c1f5145fa499f06e1685e9594c2ad7d1e2d806c47a154dbfaffa0cbf,a1a2d5c65e8f6c65fb57e30d055e7fd93a9f8208bf0c94674d3fc639ddb39787,score_checkpoint_to_export_catalog_and_local_export_bytes
GAP,4,17,22,6df8b77b861ad4f0c60eca7dc4909a0d073c1e3f4d64b041e95d97105bf85444,289aa39f208cd67cff2da7479049cfaeb5af95e2f0a9634ad4463d6338eb0295,score_checkpoint_to_export_catalog_and_local_export_bytes
GAP,4,29,29,d6115060d9ff4635d417d13c066355bb05a95915cea3beb57d438279b55e81eb,bfcc3a09a6afa27ed9afe0ed8d081690fd02564c76feffca4c85728f4bdd2a8d,score_checkpoint_to_export_catalog_and_local_export_bytes
GAP,4,43,27,65eb9570b4f8c64b472c2c073ce075802d0b5b7aea4cffad6ed061037671c103,99075f2e15681fa65889d13b700c6b11d31e9180d76328a0509f9d9d1e4f170b,score_checkpoint_to_export_catalog_and_local_export_bytes
SupCon-in,0,17,22,739f7c57fdec943201e00602b7e026f185cbba1428e661b617ebd4290e03116e,739f7c57fdec943201e00602b7e026f185cbba1428e661b617ebd4290e03116e,training_completion_to_export_to_scoring_and_local_weight_bytes
SupCon-in,0,29,6,e18ed8be33a52c0188cf97ddb86cc0a6fd99f75b7d497b7a8ea9be4f64423962,e18ed8be33a52c0188cf97ddb86cc0a6fd99f75b7d497b7a8ea9be4f64423962,training_completion_to_export_to_scoring_and_local_weight_bytes
SupCon-in,0,43,2,c23701a3e105c5506c1a701915596b4b9067e43bb93ae2ed5e3ad973f8cf6ffa,c23701a3e105c5506c1a701915596b4b9067e43bb93ae2ed5e3ad973f8cf6ffa,training_completion_to_export_to_scoring_and_local_weight_bytes
SupCon-in,1,17,3,bc194bb5d77910b3856ee5c5a0254f91ec7aff5f23e4fad4e05df69ab1e442df,bc194bb5d77910b3856ee5c5a0254f91ec7aff5f23e4fad4e05df69ab1e442df,training_completion_to_export_to_scoring_and_local_weight_bytes
SupCon-in,1,29,10,f164e5d081a376e9154eda99672cf0618e4840ebfeced9c77bcb04fe83b8761b,f164e5d081a376e9154eda99672cf0618e4840ebfeced9c77bcb04fe83b8761b,training_completion_to_export_to_scoring_and_local_weight_bytes
SupCon-in,1,43,15,3e2e57cb66a8f45515cae7e4a4341f73ea68445b3d605ded299cd0fc2585a2a0,3e2e57cb66a8f45515cae7e4a4341f73ea68445b3d605ded299cd0fc2585a2a0,training_completion_to_export_to_scoring_and_local_weight_bytes
SupCon-in,2,17,23,2266a663787754d95fbd416482ccd3f6b52fa9eb1d7569f053f835dc8da30a66,2266a663787754d95fbd416482ccd3f6b52fa9eb1d7569f053f835dc8da30a66,training_completion_to_export_to_scoring_and_local_weight_bytes
SupCon-in,2,29,18,deacd0a758590bc86f7b1d363d9a052acb76e203637f695f6a3a13445f47ecb2,deacd0a758590bc86f7b1d363d9a052acb76e203637f695f6a3a13445f47ecb2,training_completion_to_export_to_scoring_and_local_weight_bytes
SupCon-in,2,43,17,9bcf4265bbcda2359c331964bda734f624ff3a6211078dfed8593132a5899fbc,9bcf4265bbcda2359c331964bda734f624ff3a6211078dfed8593132a5899fbc,training_completion_to_export_to_scoring_and_local_weight_bytes
SupCon-in,3,17,26,18880ea583e1b4265d105d4bd7f73d1aaedc4b00b98b290974ed98bd24afeb37,18880ea583e1b4265d105d4bd7f73d1aaedc4b00b98b290974ed98bd24afeb37,training_completion_to_export_to_scoring_and_local_weight_bytes
SupCon-in,3,29,6,2eea338ae0fe40df6fdf639442e3db15434c173b29296f950d3bc687710dcabb,2eea338ae0fe40df6fdf639442e3db15434c173b29296f950d3bc687710dcabb,training_completion_to_export_to_scoring_and_local_weight_bytes
SupCon-in,3,43,18,5a38c905fdef88a1f7741ae254b802187d563e717d1c2599ccb561267bafe684,5a38c905fdef88a1f7741ae254b802187d563e717d1c2599ccb561267bafe684,training_completion_to_export_to_scoring_and_local_weight_bytes
SupCon-in,4,17,10,691f04b6af432c361a46bc058a378bd6a76f77e7e79fde1f9d440d3e0e8f6fcf,691f04b6af432c361a46bc058a378bd6a76f77e7e79fde1f9d440d3e0e8f6fcf,training_completion_to_export_to_scoring_and_local_weight_bytes
SupCon-in,4,29,20,2b7502c232c34d1882e3a9d525c7faebe751bb53b6521a4c92115c7a03bd91a9,2b7502c232c34d1882e3a9d525c7faebe751bb53b6521a4c92115c7a03bd91a9,training_completion_to_export_to_scoring_and_local_weight_bytes
SupCon-in,4,43,26,b5858f0ed7396c1e2de288313b15451707ca685d468dabcc98218a11d8c703b7,b5858f0ed7396c1e2de288313b15451707ca685d468dabcc98218a11d8c703b7,training_completion_to_export_to_scoring_and_local_weight_bytes
B,0,17,14,6cb15fd841727a21b00b707a5fcc9b64c512070ba75fc4b72f262e99a2e402c5,5f10362216a765f37d11e7d0fdfd860ac3b7a423aa7c76e83af0c093ec05298e,score_checkpoint_to_export_catalog_and_local_export_bytes
B,0,29,17,69f499b852f9c6e882f25bc7cdc1e58376b53cdb3b63a8fc42368e9f0988b016,55be1c3792993d55fba8dbedbff0c3937d76ff04016740b4322288555a3cdbe8,score_checkpoint_to_export_catalog_and_local_export_bytes
B,0,43,21,eaa333d9105765a4551f3c323506ddee0757192de53528f3029c4174aa9bead8,86ecb237b130cf52fed320cb8838beef6e2d558f3ea5b56d01c51444fe77ac39,score_checkpoint_to_export_catalog_and_local_export_bytes
B,1,17,13,74380be5779fbc24305d2a67f4f9aa7152259c7c6028ff7c7456e38ff428b8c7,066f9f4f96e1eb3361c27dc9aa86c072da8d14db00e768dd643b24c2225fe4f8,score_checkpoint_to_export_catalog_and_local_export_bytes
B,1,29,13,e7ec1b976f31bc85a3a1b2b1578dd8634e9b581a088d00b7d97b51a791361cc6,d73814d5e72f297370e7cc49cab1bcc5e2cb59cfc433d10de40c1f1a20b64a0e,score_checkpoint_to_export_catalog_and_local_export_bytes
B,1,43,18,dd394993fd03429cb59ff2185af7a036b580bd0ff1f1b7e506549bacba7b90aa,94e33052e74539cb84ae0a0058071966d29f62e7045811b5a013b2ffcf78c579,score_checkpoint_to_export_catalog_and_local_export_bytes
B,2,17,21,0a63d46d53385a25381c026329ee985760d5ca849714b011ee233e14bf6e13e0,5028c79384fab402eaa07ac45511618c7d6eb4655fe76e705fb0500ec92b616a,score_checkpoint_to_export_catalog_and_local_export_bytes
B,2,29,8,cf28f75f3193b86db53955eedd5c149a1f8754456d33717d9174968b821839e4,e80b4b35290c43dabbe148557a710d99055541d2f98de432ea2627d5f38afbc5,score_checkpoint_to_export_catalog_and_local_export_bytes
B,2,43,10,ecb6860603b79d3993c28c80256843af7e3470d635083765ce6e2c19aa00ee56,492a6e277611f22c9d72efd0e8fd4720e31432db3f6ed35c585621f4d9d454f4,score_checkpoint_to_export_catalog_and_local_export_bytes
B,3,17,12,a4eda7c68a23399cc8c474f51b31f4a24d6010962ebcc5630dee12680d58249c,dc28e858d6095891f711bc56678029c5701f19fa268506dbfa7075c47e1f59e9,score_checkpoint_to_export_catalog_and_local_export_bytes
B,3,29,18,b4a358cf6e22cb0c8b747c3c60cd5740764bc4f072f7fa710cc32ce011ef8949,c14e2164017230dfc4d6c708547833cfb3aa17ba39288814ce5b55686c840224,score_checkpoint_to_export_catalog_and_local_export_bytes
B,3,43,26,60ebc77d05c1bb9b001e3619a0ea9e89e2d8e207674818fc2850f04f7e7484d6,abfeeac03b11c361c837d741fe809145ffb104373e816a61b4daf6328020295e,score_checkpoint_to_export_catalog_and_local_export_bytes
B,4,17,14,b93bc4ff10d760afd832d4095791e87231889f722590cc398d711731f2889d6b,afcd167d87d3aace197caf22688f9617bd09186e030f25b22e6a796b60c339c7,score_checkpoint_to_export_catalog_and_local_export_bytes
B,4,29,17,59fa72f60d626c681bbc68c1b8bc2a9cd0a164235355d5cd40b1c743569f8c3d,3958ec3a4dc01694e19e0a7c6217c5a3cf7572d26c2acf2680f9bbe49dd43b9f,score_checkpoint_to_export_catalog_and_local_export_bytes
B,4,43,8,ca2d119c3abbdd64c29c773c2f3f6aeb6e60491765647bd8e5de214231e74c89,56c1e329db675dfe5c283742b057f667370e2c91b6b29570ebc0315729dc9cde,score_checkpoint_to_export_catalog_and_local_export_bytes
